Channel,Region,Fresh,Milk,Grocery,Frozen,Detergents_Paper,Delicassen
1.0,1.0,0.860380945415385,0.9100598508826524,0.7935941146603439,0.4059349490703892,0.6810855946902273,0.5013863571783308
1.0,1.0,0.7677182713373437,0.9110704479913557,0.8251579536369986,0.7185157422865251,0.7141707068368447,0.5550541280356189
1.0,1.0,0.7410955985654389,0.9040383761349658,0.7959182939602827,0.75577112292293,0.7242736383436187,0.7990302365580401
0.0,1.0,0.8655199524337774,0.46734026712506,0.6852461180693656,0.8550041781363332,0.38332810254315763,0.5563129384762241
1.0,1.0,0.9139746894306644,0.8669631502106698,0.786342848545521,0.8085285118223499,0.6121707080996167,0.73871762769501
1.0,1.0,0.821296546672432,0.8996619905643884,0.7279490733405819,0.5855042149339376,0.6139271337587088,0.5168767120437368
1.0,1.0,0.8552916903680353,0.8124501047545102,0.7815682930072106,0.5359525516066217,0.7067413921897174,0.3307641953638971
1.0,1.0,0.7831460922009085,0.8591571820848254,0.8232906718136528,0.7117428198284967,0.7154846328562949,0.6222092115358304
0.0,1.0,0.7219751375556901,0.8280752263931279,0.7624416553826656,0.5170340597635871,0.6060633629547557,0.3902196871848822
1.0,1.0,0.7242895228396271,0.9186769865381201,0.8957694440490793,0.664130488834474,0.8286412537805169,0.5858980068408475
1.0,1.0,,0.8668508170154305,0.8598844681688366,0.8201630718103642,0.8004200982965111,0.5516505341100011
1.0,1.0,0.8645281259053366,,0.7014706414280955,0.6910842368633187,0.3978041065985256,0.31416169471896954
1.0,1.0,0.9374599668339754,0.9248438477944563,0.8492883573307312,0.45433329180057586,0.7392155738789143,0.6455285939016049
1.0,1.0,0.9090308775387139,0.8784327601181159,0.8744244263375879,0.7839366514014409,0.8156180975486116,0.34899630717165203
1.0,1.0,0.9203777503566821,0.9087731514099145,0.8523588525762389,0.4582509206064155,0.7775568741381956,0.5918930756535619
0.0,1.0,0.8337680924272606,,0.6593402476913933,0.5063280207208949,0.5017752867380032,0.28142151265104887
1.0,1.0,,0.9040991422770597,0.8526282507378525,0.3261907669650145,0.7612049634860263,0.46018702064004957
0.0,1.0,0.7171094184960691,0.8777700387667664,0.5677246654080322,0.6191299319006021,0.3273799137965409,0.7158746640984741
1.0,1.0,0.8982110227211932,0.8799467344349241,0.8317649602538391,0.7456514388619196,0.6866179010711049,0.6595965539529624
0.0,1.0,0.7883817304663479,0.7773459216678308,0.823794780900811,0.5861695096249013,0.6712661644838191,0.31559291011374063
1.0,1.0,0.8931108031370772,0.8504622173767109,0.7053429374334671,0.6527232176747809,0.6532452393977752,0.5881510889596642
0.0,1.0,0.69748301082261,,0.11782010732299886,0.7934330762458569,0.3297096756991766,0.33862499451791683
0.0,1.0,0.9365725731404307,0.7271927415160714,0.698741181388397,0.8869129024243401,0.6620236757720133,0.7106752789828129
1.0,1.0,0.9251741899431121,0.9756847464586872,0.9087691726771178,0.8353124800118794,0.755604373124782,0.8928585189373137
1.0,1.0,0.9140821675549116,0.9108493344122003,0.8661918100924879,0.7774127017387826,0.7603706868136357,0.7550903241027171
1.0,1.0,0.8856014088795058,0.8439065047245174,0.7942429473138313,0.39544073290223397,0.7438263057200364,0.059007893875301365
0.0,1.0,0.8287679241237198,,0.5564146849509621,0.7858689298573026,0.2570562811573286,0.4102326880971397
0.0,1.0,0.8733391773937028,,0.5836106655175115,0.5375514111611635,0.13890715064582948,0.32157649425563084
1.0,1.0,0.3674098312928587,0.9512431078941594,0.9217735237339992,0.6640136646070738,0.8468760502084645,0.7393364115884749
0.0,1.0,0.9556265679823261,0.7466755264967561,0.5073454661186156,0.6688197666337007,0.5272432345253181,0.4079220582658676
0.0,1.0,0.8991875756190435,0.8268884254517118,0.8429075460608513,0.6628387977954898,0.6436507461764382,0.6474075935804442
0.0,1.0,,0.846464769554534,0.5948717080775361,0.7391862149710895,0.47182406208042305,0.4424384892160767
0.0,1.0,0.9105513550847655,0.5829581492423827,0.5604501701514755,0.4419234946979568,0.4927358030862714,0.2785074162202061
0.0,1.0,0.9332837699278435,0.8559294301215702,0.788969874387216,0.8511395487756676,0.3231205344465487,0.46072178645162837
0.0,1.0,,0.7343172896813933,0.3896234951307986,0.5170340597635871,0.3745636693612748,0.2742806943019703
1.0,1.0,,0.8682463936494241,0.8427431770633489,0.6181024560717558,0.7522688729737397,0.29114548300151033
0.0,1.0,0.9337800325499948,0.8469908598948371,0.7390170850599932,0.7161635299542218,0.48108143310522505,0.7210087627193508
1.0,1.0,0.8794614032264843,0.9156569971959093,0.8557488294549322,0.7290740348185535,0.8116510016779924,0.380902524143245
1.0,1.0,0.5839238426125479,0.9381993972022777,0.8847805546267249,0.06153100651670784,0.8203277753238798,0.28995196701783027
0.0,1.0,0.9695161315367142,,,0.8916617901964694,0.23670697931706974,0.6446394021530117
0.0,1.0,0.9184953352859997,0.8463037275258569,0.7125541954049488,0.887755646344635,0.5334268157655155,0.7572911630819029
0.0,1.0,0.9007942556586798,0.8069788270316429,0.7557993150512023,0.7359898239415706,0.6749364608532032,0.6376991710381268
1.0,1.0,0.8414245452226328,0.8933694745406788,0.8742876924505344,0.3841832780953862,0.8192688013257263,0.04795073248164733
1.0,1.0,,0.9186878372739092,0.9156814324019193,0.6099293857359702,0.8590781450565148,0.07340859658330667
1.0,1.0,0.8253545161152288,0.8880383009642875,0.8360735090145279,0.5542910760702398,0.7646691188689333,0.06678157905983939
1.0,1.0,0.6657200823314896,0.9546421844004025,0.9069276735130326,0.7169536610357345,0.8274091530116949,0.7326646045237034
1.0,1.0,,0.9322707652981808,0.9085309939153343,0.7116675044160728,0.817250491964837,0.5170079809173156
1.0,1.0,0.9573568134047992,0.99010470056575,0.9724196356978985,0.8716300409151289,0.9555606457001493,0.771627596784144
1.0,1.0,0.8490661653936287,0.8777046064361642,0.8404130432548973,0.5658741362501467,0.7792866312491994,0.5201296405786467
1.0,1.0,0.6426493770204175,0.9533060046809623,0.9298605975348316,0.721021035962377,0.8988164907353717,0.4744552548002202
0.0,1.0,0.7373035490481648,,0.0,0.8070928598781283,0.4168110365369474,0.5913879505499672
0.0,1.0,,0.8394546134442259,0.7820291433127612,0.424299990281797,0.586726186376528,0.23039526278740868
1.0,1.0,0.9524622459282428,0.8358687877749462,0.7534371799990803,0.5517355038052008,0.6756967760268683,0.492588676947941
1.0,1.0,,0.9151703224984987,0.847142868767802,0.6017751770071862,0.7918844715719815,0.18747350038604188
0.0,1.0,0.9276376903836983,0.6380991303403789,,0.7572455477999116,0.23095270544912466,0.5006692145752235
0.0,1.0,0.6734455501469703,0.8291492019181276,0.723149905679167,0.6515572193875026,0.6346457659109503,0.4689100474539772
1.0,1.0,0.34676126604342405,0.9678309365217362,0.9243855015758838,0.7653659975013295,0.9262364794587722,0.5016724230624212
1.0,1.0,0.6863057353757017,0.9118610950669824,0.836253389045088,0.09101204345016511,0.8311101094207656,0.4931885347079103
0.0,1.0,0.8696244856033234,0.7333198949037532,,0.5689354956409989,0.24711362200690257,0.29114548300151033
0.0,1.0,0.7310031096145044,0.8661556458808166,0.8023054494853004,0.31957229329332926,0.7039109436360969,0.5357844588746874
1.0,1.0,0.8065056451845801,0.806123445764332,0.7990290270599791,0.26736040182960685,0.7471893577718195,0.18808068739509315
1.0,1.0,0.94518574169726,0.9776707182789615,0.9764435155493466,0.7893116650830841,0.9644825342380781,0.5786693985948409
1.0,1.0,0.789458274949373,0.8789082851549458,0.7715417810847361,0.8144797387686421,0.7464300321925943,0.4382872214162689
1.0,1.0,0.8210197328069606,0.9213457104705597,0.8793879345037922,0.7766944058772522,0.8328364309860181,0.4951246382480599
0.0,1.0,0.6142403242495673,0.5110532744720342,0.6084682839218891,0.8034276078065984,0.5489926715747553,0.47145078573756266
1.0,1.0,,0.9523146374015332,0.9608473994504169,0.07983199064941149,0.9557857767901172,0.5131613152876415
0.0,1.0,,0.662078240549766,0.7907901788129287,0.37204849447574123,0.7221667247407652,0.027757933259596412
1.0,1.0,0.903925817791181,0.8850927252495299,0.86371717158967,0.6749252493235464,0.7798301652934796,0.41046231985381487
0.0,1.0,,0.8904633443801268,0.6712062505553301,0.8472595460124569,0.46444491102114255,0.6549107410219299
0.0,1.0,0.8016110062924506,0.7957006628338141,,0.6084517461062151,0.4305096939700137,0.1335715532833079
0.0,1.0,0.8886627693796194,0.7404728137921767,0.6030636832170801,0.8963918977778399,0.15567480540972112,0.5052106557384416
0.0,1.0,0.8967630696014529,0.5482088895099876,0.9050216489479004,0.8391840311883488,0.749967864381384,0.8774471445933292
0.0,1.0,0.5417513264956522,0.8624369117416196,0.5189788730797346,0.8822805812236182,0.5594445655914082,0.1598989624909673
1.0,1.0,0.9038680921946087,0.8656981735979389,0.8131788019294881,0.8752511082896539,0.4587117026657273,0.3626779303618173
1.0,1.0,0.7980886734854362,0.8801469291013423,0.8280398733902037,0.6779606857407581,0.6238758602302792,0.5554747804147854
0.0,1.0,0.9058858883696715,0.0,,0.8203187845008749,0.0,0.4404726182046924
0.0,1.0,,0.8261593019178046,0.7712459889057602,0.8688892318947504,0.3910409821233567,0.42378539246190483
1.0,1.0,0.8560585388996186,0.9265704812903932,0.9288871249571106,0.6241426457492891,0.8856869546276169,0.4470776459197161
0.0,1.0,0.8403988748889023,0.4218280568058029,0.22936094407651964,0.7396424550972238,0.29231921827933827,0.15024610390814253
0.0,1.0,,0.8147639778309987,0.6466193533389761,0.6239788084205934,0.5423014041281582,0.541580515542699
0.0,1.0,0.7660110664708171,,0.5787092700305627,0.5188634610422127,0.4171127649213584,0.32536521451436284
1.0,1.0,,0.909282902662874,0.8705461730617756,0.4520475218731638,0.8351077904817373,0.14240318062952562
1.0,1.0,0.8352326577820253,0.9071509208685044,0.8418949385187853,0.6003965436785952,0.7251843150835358,0.6058798856332738
0.0,1.0,0.9077378583376512,0.6690324431031586,,0.7516034136006965,0.3981363195230642,0.3957157636814521
1.0,1.0,0.8527097832045073,0.817293420141377,0.7150867535383327,0.6663276761595783,0.7375083919616644,0.11497289038050224
1.0,1.0,0.885320833598964,0.9844959249272949,1.0,0.6474496506419912,1.0,0.6462948647124617
1.0,1.0,0.9150059198773546,1.0,0.9373763146725722,0.6420698287362839,0.9382354196538958,0.4257100635736877
0.0,1.0,0.9558531930417365,0.8604164596581537,0.8036249803014314,0.8537308595681963,0.5913968147830969,0.8764532093451753
0.0,1.0,0.7904712171115329,,0.6743740648781225,0.8895738038984417,0.20059030782417347,0.04795073248164733
0.0,1.0,0.9211094380433892,0.8336417000446956,0.7355580400802278,0.7952824658453421,0.36344354594257866,0.659435657820118
0.0,1.0,0.8478259706026721,,,0.7923032813787135,0.10257930154652095,0.2588624870632958
0.0,1.0,0.8611409326466881,0.7927455674997466,0.4876307033631779,0.8806518885658615,0.42217204386206636,0.46668019486050316
1.0,1.0,0.8177140268119372,0.9643140894135229,0.9372007621612629,0.788588050227197,0.9324773145325865,0.7370821988634655
0.0,1.0,0.8468185740615143,0.8080333365160748,0.22212000436200297,0.9723145988670051,0.10509833686838821,0.6310699952398305
1.0,1.0,0.7015525540525644,0.9243790841430012,0.8450909868791048,0.3995617986369517,0.777002065612895,0.19934888113152988
0.0,1.0,,0.8005246215009673,0.7640577225670165,0.5224524485592,0.24438553029160553,0.3795752346255779
1.0,1.0,,0.7847250957447851,0.8036419796783,0.3398523319664106,0.7389455852583685,0.18318209734786195
0.0,1.0,,,,0.6075193158336354,0.08279031272556214,0.06485853619377813
0.0,1.0,,,,0.6283271277244759,0.08552512853226701,0.12443469381910133
0.0,1.0,0.8251701543845107,0.754098146898215,,0.8436207981143716,0.2388273732112154,0.24140477116621423
1.0,1.0,0.8498692100521849,0.8954641363572182,0.8528340959904125,0.7892461390679025,0.8385030973835301,0.6512078865245041
1.0,1.0,,0.9171125036868463,0.8822855084500822,0.7058566615212657,0.8167539433810552,0.561458471559321
1.0,1.0,,0.8815753262481544,0.7957877166346653,0.7629609517797116,0.7632645797433779,0.5081301338061763
0.0,1.0,0.9694479016317641,0.8234575111942337,0.8160456329194448,0.9332065129014575,0.5798747557584408,0.6174334581098491
0.0,1.0,0.8720505082785239,0.7496539847102738,0.6283119635511325,0.6831050278411631,0.5811969999447842,0.3317621321831302
0.0,1.0,0.8821244639348266,,0.6696884759734288,0.630677430580883,0.1778463695572403,0.5070235217455041
1.0,1.0,,0.880071947849387,0.8386510666623676,0.3248887951447969,0.817971881322026,0.5607475693289642
1.0,1.0,0.8105167329386251,0.9161784815190638,0.8737970122037525,0.7588822666964607,0.8518829137643116,0.5151613388781315
1.0,1.0,,0.9008019856979114,0.7817002102416833,0.42973888941740884,0.6704151655079589,0.48616935218568863
1.0,1.0,,0.9413637281741205,0.9300248986428559,0.5870512992038152,0.47540595277224873,0.0
0.0,1.0,0.8522091992907034,0.6868270627268869,,0.7493704429779321,0.20389765589737568,0.5408952112907283
1.0,1.0,0.8595658565698694,0.918790778631451,0.8893681774387686,0.6131916798519262,0.8106602271315967,0.5255882851673939
0.0,1.0,0.9002214260843707,0.7931604644100664,0.4703274072384567,0.882109736990865,0.3745636693612748,0.6317204108921433
0.0,1.0,0.874500602707662,0.763312153820838,,0.7881907089631306,0.4094266000913335,0.5307609543938395
0.0,1.0,0.8955799912551411,,0.08705546774395045,0.7626946648949895,0.15768880345525016,0.4907772700060307
0.0,1.0,0.8447785859164988,,0.5757637375068579,0.7695389850389113,0.2780639315549696,0.3514384029798136
0.0,1.0,0.8452260460232165,0.7789941461566391,0.6195428804624444,0.6996188288101195,0.2972303612191683,0.1862547551890879
0.0,1.0,0.7655120848975805,0.8348764245678181,0.737337926004862,0.7100730435369007,0.302032315631866,0.4739578228476964
0.0,1.0,0.9044831782501805,0.7240161407299172,0.4339862305666809,0.8386658466468843,0.3457624640297642,0.4319950290454746
0.0,1.0,0.799587036594973,0.7669942971533499,0.31511081418576625,0.8080354943706973,0.2720906401794043,0.3588980743987673
0.0,1.0,0.891114836031675,0.4741334624869778,0.6251682128717329,0.756344672106816,0.20796560358109534,0.469930437607573
0.0,1.0,0.0,0.8138094995981787,,0.7552904258471499,0.2708762165637645,0.20564938948260503
0.0,1.0,0.8561260357370325,,,0.7334760452070884,0.03920235288133522,0.41634359435472135
1.0,1.0,0.8451917348834102,0.9168809308917659,0.8146918584513982,0.7450619316554771,0.6305356573173789,0.13282206650714234
0.0,1.0,0.9453654693803258,0.6856788281770207,0.5718778753576998,0.8283233679049726,0.3808107639546081,0.537893571252336
0.0,1.0,0.9838833597570754,0.8224188752930582,0.7843192199550534,0.9275631472654571,0.4620774494735117,0.42887729201734504
0.0,1.0,0.900982333635441,0.7174187333118854,,0.8758814143085549,0.31730493780476016,0.3090801850367014
1.0,1.0,0.9099451388024129,0.8902904286019743,0.8384441951676105,0.6259305315023337,0.6623720148661474,0.6343578231014471
0.0,1.0,,0.9043338425458236,0.6594854344934302,0.3362410937379419,0.5196216532814746,0.0
0.0,1.0,0.9546171087652893,,,0.7153672275790034,0.34533278975821563,0.5595217843545537
0.0,1.0,0.7706558611429112,0.7729250264552879,,0.853786720516716,0.3387792222730106,0.427405494608418
0.0,1.0,,,,0.4844957706511273,0.103842143316343,0.23495932941204073
0.0,1.0,0.877709951609483,0.7399598397722882,0.473308308370672,0.563793483063865,0.500042288206335,0.24383899346905974
0.0,1.0,0.8216370111138577,,,0.5210278300822324,0.2659503455023943,0.27470679799183323
0.0,1.0,0.7778327123068085,0.7228882811533097,0.3360495698179991,0.5969849421257215,0.07296597135127758,0.32808099984228456
0.0,1.0,0.7387217012253764,0.565074321208911,0.5030859260721561,0.6654077113346756,0.22728009887146866,0.24286823362846605
0.0,1.0,0.5907217131516684,0.902263514074501,0.7827702124717509,0.8239631166375969,0.6665531606613551,0.5284398756571183
0.0,1.0,,0.8981402454595984,0.80638356850907,0.5843877677728334,0.44797972706426425,0.03750407883963308
0.0,1.0,0.8677272019121811,0.8445504560802716,0.7243208391607933,0.3513290600346478,0.26154803326462844,0.6643405829067659
0.0,1.0,0.6839105995371239,0.8595800812566138,0.6183255232339582,0.6167190837968053,0.42508779807438574,0.4311683949546002
0.0,1.0,0.8935001842325487,0.8450936095863326,0.7885442981610281,0.7495243941845959,0.5010071453646949,0.6256272373934646
0.0,1.0,0.9346961034593432,0.9289770651704309,0.7303608840419168,0.47246056341418785,0.07862886566417204,0.5167453461169709
0.0,1.0,0.9469708295659176,0.8893542314150698,0.8059053681595334,0.7803734505630837,0.030827807483893133,0.0
0.0,1.0,0.8358018172058678,0.6763574018176383,,0.8781301596510259,0.340547029631616,0.2389459041707358
0.0,1.0,0.8992417945877027,0.8289663701024471,0.04045861768486836,0.3039724043011821,0.3865192016393444,0.17309346136139214
1.0,1.0,0.9119980858102836,0.9006957888347138,0.942927862084474,0.1113593025098355,0.8906457407372611,0.7141646109834269
0.0,1.0,0.788103960039916,0.7294409359324002,0.3382132788212472,0.6331351738905698,0.10759104474552683,0.32227011995511945
0.0,1.0,0.8177994085884984,0.8189516280276128,0.5285263386890484,0.6780638915438493,0.5230504946552393,0.3243382493792413
0.0,1.0,0.719825154307288,,,0.8119949940303774,0.28215031051130623,0.29035048784829764
0.0,1.0,0.9376560252516629,0.632820057777137,,0.6122939947978538,0.15262089128158152,0.5154263211663489
0.0,1.0,0.8859501296126524,0.715377756448657,,0.6214946327878599,0.20471706698984982,0.4578523301324096
0.0,1.0,,0.8173299118461564,0.14844593432704156,0.5514485569273754,0.26532679412836285,0.554843406496054
0.0,1.0,0.8993004677632037,0.609103305548018,0.5951166353137318,0.780591467013929,0.31877382327638415,0.1619215986715269
0.0,1.0,,0.9072783812163681,0.43627623946124694,0.6084517461062151,0.2928704360746373,0.5385909181784049
0.0,1.0,,,,0.22253822856392735,0.007609459901388282,0.00601006050872277
1.0,1.0,,0.9164311091144891,0.8983929190685829,0.4200893179270208,0.8813933503462003,0.5906272434856829
1.0,1.0,,0.8650213343669327,0.8735931194930834,0.47043980295267546,0.8153661165196705,0.6596501456245203
0.0,1.0,0.8942506182010485,0.6069129146046556,0.47182543515107356,0.7932770774198724,0.46977823512834493,0.2838907711941722
1.0,1.0,,0.8829055488406167,0.8258048862646162,0.633741876075772,0.7438633753241037,0.5448547082408136
1.0,1.0,,0.8947730191536055,0.8724434940360196,0.5067245970968964,0.8391467310930575,0.23141687868601118
1.0,1.0,,0.8281679918838485,0.858645630022033,0.6165450715266991,0.7584876038883448,0.5909657843598309
0.0,1.0,0.8582295357093096,,,0.6560274809259363,0.0,0.5972645428072576
0.0,1.0,0.8795199474205769,0.7391323848206025,0.6585384823792485,0.7674557798709742,0.25047746388277353,0.3514384029798136
1.0,1.0,0.6949138864331911,0.9381894839009516,0.92439672140893,0.7539310216547255,0.8999311864776348,0.29508006179373036
1.0,1.0,0.66979523423689,0.8938261472705248,0.8112039572327331,0.7620255017312259,0.7309663548143216,0.19584450782678287
1.0,1.0,0.8822980013172622,0.926373290634335,0.9001318134076859,0.8207177324487576,0.8230984955550151,0.6086994260419313
1.0,1.0,0.6235591625416751,0.8846605726815207,0.8198070807005364,0.6429135759322441,0.7751796226743507,0.6821318241277926
0.0,1.0,,0.8122929899238506,0.6104371979945717,0.5094701444915329,0.6023416184107239,0.3752711102393176
0.0,1.0,0.7131828343175193,,,0.6885828010201005,0.11491633846210947,0.2883510132497818
0.0,1.0,0.6860687938104791,,0.321609417920122,0.7554830051590476,0.10257930154652095,0.3902196871848822
1.0,1.0,,0.9030160138075369,0.8634723308977299,0.6589961084883424,0.8214123288955795,0.24140477116621423
1.0,1.0,,0.9617349103410686,0.8999506908760135,0.5821257455817037,0.8492274239281736,0.7666969699565687
0.0,1.0,,0.8680581883458521,0.7713446933470676,0.47836115725791817,0.6908057691310969,0.37904197677836404
1.0,1.0,,0.8945217334101716,0.8999031626413491,0.6347963113488853,0.8627967256735454,0.38143111339766456
0.0,1.0,,0.4865129484730351,0.7323090519598477,0.7608991442375221,0.19037170459004293,0.515690909661617
1.0,1.0,,0.8960640855067922,0.8503790966455606,0.15348359441830806,0.7507748464629772,0.5465239460658866
0.0,1.0,0.9587719127164112,0.887296521860723,0.7713446933470676,0.8670635658659003,0.5860309546407926,0.19109501536106388
0.0,1.0,0.8611853452732999,0.8911689302389265,0.7019686001843614,0.71780868212825,0.030827807483893133,0.6266377234483765
0.0,1.0,0.8432409528797489,0.8885478038294593,0.7206840461337788,0.663310196046832,0.15968557818237294,0.2742806943019703
0.0,1.0,,0.857888019672128,0.47937723173590885,0.821858623055079,0.276288976696107,0.5916407136486721
0.0,1.0,0.8574985581455052,0.8761629393613682,0.8157679237074353,0.5082999584830938,0.5675888461421541,0.6371996247097845
0.0,1.0,1.0,0.96746473389671,0.8922760407684385,0.9283856184476691,0.7744706887791266,0.8108209499271445
0.0,1.0,,0.9018984962159136,0.83660067821022,0.523511502192296,0.8194181001216183,0.14240318062952562
0.0,1.0,0.946667958636574,0.9827013262380605,0.9014602498478549,0.9745924662374498,0.25510301752017295,1.0
0.0,1.0,,,0.7104190129638639,0.22006539746968024,0.30980478484054963,0.00955638280492821
0.0,1.0,0.7976423423959144,0.8814415813590362,,0.7443604874938362,0.08822915442730428,0.2010829415520884
0.0,1.0,,,,0.796101350345112,0.49887752844533906,0.3843149016321635
0.0,1.0,,0.8974612744030006,0.8283521374744293,0.853127440950951,0.7217676859347176,0.0
1.0,1.0,0.7946763609444231,0.8941658086905955,0.8486277255286615,0.7712922862829692,0.8181419886483448,0.27808814640225665
1.0,1.0,,0.9212234374420722,0.8470460100788655,0.4473683338596578,0.7447128158901247,0.5632726845743223
0.0,1.0,0.8899215702329576,0.8789722098077758,0.0056320473292647,0.8666507745403612,0.15768880345525016,0.06582173051493506
0.0,1.0,0.8684162937817484,,,0.6275334864058231,0.06716692130561919,0.08441011280723121
0.0,1.0,0.6933100802646797,0.641875480288818,0.38385434278144,0.5559683862800068,0.21821418019071764,0.2801770462298282
1.0,1.0,,0.8228228918800562,0.901971694300172,0.6380512786334203,0.7920542727171318,0.3678044284807603
0.0,1.0,0.7693276163013442,,0.5737630348021658,0.6133704444069884,0.3202326338647675,0.47094535943929966
0.0,1.0,0.8903881701065341,0.8624369117416196,0.7319000745269164,0.8727486991239073,0.3077594978045692,0.5528282854137239
0.0,0.0,0.9352167643912136,0.8899427418411411,0.7186680069359547,0.9355960993996031,0.45846895770094953,0.6422414285326732
1.0,0.0,,0.8887795699725882,0.8351675609740927,0.6603315938569018,0.7548300532670376,0.5190951852952275
0.0,0.0,0.8508407029589542,0.7516397719753124,0.7781819935677131,0.7978037433059032,0.4116092311720528,0.3763553583185376
0.0,0.0,0.8253545161152288,0.762149308974329,0.28306219098885566,0.5482515247495532,0.34186315063650735,0.25287186266174017
1.0,0.0,,0.928926553864437,0.9127426391377834,0.8091982241400107,0.8642450947543737,0.38535383289494074
1.0,0.0,0.5594001451536337,0.9335254499528365,0.917967756295817,0.7984514510314913,0.903781272117403,0.5447428426951186
0.0,0.0,0.9219662954954747,0.920761647363535,0.8241378247971849,0.8336778760323659,0.2827278862856667,0.7800489076612793
0.0,0.0,,,0.3639197933388212,0.5323686601363771,0.4998486886982302,0.01766348928352446
0.0,0.0,,,0.7317509417475548,0.6876414894351538,0.0038341337650992235,0.49994923073399034
1.0,0.0,,0.9219015120312575,0.9143441381831469,0.6374659996363888,0.8557555264327406,0.3798413602013765
0.0,0.0,0.7419752968610823,,,0.6256073992538462,0.28502300998908564,0.22206571637780648
1.0,0.0,,0.8549641074344034,0.7596003088812494,0.7785720475372467,0.7844752164754721,0.11497289038050224
0.0,0.0,,0.8310969083981468,0.7522942908702202,0.725128744598893,0.7182550335284197,0.40393314180750634
1.0,0.0,0.6962782096463176,0.9267132819570776,0.8851007583548062,0.6233212607729435,0.8891537804962228,0.40178958603741144
0.0,0.0,0.8980541646813027,0.7245126536456297,,0.7212270312578506,0.2583489628177041,0.5860724499231457
1.0,0.0,0.8552232861757676,0.9656010587183356,0.9517183029757504,0.8272974744089469,0.9350245830370565,0.6418783213500726
0.0,0.0,0.7749950738741727,,0.22212000436200297,0.6785784842659547,0.25575601808241377,0.5549488002718798
0.0,0.0,,0.8832826236765012,0.7790237701051083,0.6824130027602325,0.7422589179434134,0.4828742192673588
1.0,0.0,,0.8826803198581211,0.8454981268986659,0.6311420764214419,0.7999709434446736,0.400348060309629
0.0,0.0,,0.9168582700865983,0.8779439823612813,0.6867872817096324,0.797027243604323,0.6093775739498005
1.0,0.0,,0.9409674746686693,0.9461465320879049,0.37588359926303966,0.8966299609363595,0.37004412897182326
0.0,0.0,0.8955799912551411,0.6460998187203489,0.19650257607079646,0.7616665849875414,0.16942057892812334,0.47362547027994983
1.0,0.0,,0.8928794375923356,0.8758590146019676,0.6779606857407581,0.7700908397106342,0.7695202875525367
0.0,0.0,0.41164265633413943,,,0.7508986891486036,0.1231864991299737,0.12288085144741762
0.0,0.0,0.8767078250370739,,,0.7187269027337606,0.08552512853226701,0.38996638993410515
0.0,0.0,0.6846351946947169,0.8928697787776028,0.8380177475369202,0.25774841266744664,0.749756436029935,0.19643196413996106
0.0,0.0,0.6512147814744027,,0.5555929586871042,0.8685103223767969,0.2659503455023943,0.26559321003647407
1.0,0.0,,0.7793694232132861,0.7331956231094634,0.8431829106226106,0.46444491102114255,0.5045085225185124
0.0,0.0,0.7744874680459806,,,0.6093773077964297,0.103842143316343,0.3658252997964644
0.0,0.0,0.8604798293817568,0.8141546740917085,0.6814785706150808,0.5841633241952908,0.45798252166187825,0.39913905227500307
1.0,0.0,0.9073852350345597,0.874588207091793,0.8203893242699412,0.7183041411323671,0.6744909823282221,0.5297874187767742
0.0,0.0,0.20696710537971563,0.7559780482167118,,0.7498826338715202,0.27026647896667383,0.3741813017503674
0.0,0.0,,,,0.6367303566055602,0.7690508880272668,0.1743764904271491
0.0,0.0,0.807808227851477,0.7919085447100519,0.479660028561371,0.8607942855627372,0.44091588227734624,0.4414580129975577
1.0,0.0,0.8440608626327494,0.8755250683196877,0.7452984995588107,0.8771233420214207,0.500042288206335,0.5892658424040034
0.0,0.0,,0.9163623603283736,0.6598476142803631,0.6928103944477048,0.5899308011263283,0.31163513520853003
0.0,0.0,0.924072661803779,0.7089493821795432,0.6605686211727357,0.5791253101043988,0.2827278862856667,0.41046231985381487
0.0,0.0,,0.8596715971293298,0.6155423952079244,0.6347963113488853,0.34490222772031465,0.004818103220215364
0.0,0.0,0.8822236940990325,0.7896098747307335,0.660208674447152,0.816980300428163,0.305175145638638,0.6220016524859908
0.0,0.0,,0.8806068989054362,0.5502129522185699,0.6708186517599575,0.5444118027002696,0.22730464021374652
0.0,0.0,0.8073962351371616,,0.5838776826557881,0.7512013654289847,0.34747235016952055,0.18808068739509315
0.0,0.0,0.8986285342627209,0.8336983557165405,,0.8252023255837434,0.04409240742840648,0.4828742192673588
0.0,0.0,0.7771107383263258,,,0.6585066096832439,0.10634794880732923,0.1825630922787005
0.0,0.0,0.9609037229831662,0.7818242743245724,0.6562489918100898,0.8369110310355692,0.4736237201562293,0.5988812127252923
0.0,0.0,0.9121973169762616,0.8257755889217867,0.783008640968934,0.9016654154417584,0.3143364237603581,0.6220708704318674
0.0,0.0,0.9211816900283212,0.712008557655788,0.4721232128519906,0.746237301195299,0.34619125388475036,0.4542042755511358
0.0,0.0,0.8964543104545079,,0.5648311555452092,0.8041960720159101,0.4097398904958899,0.3415023413108181
0.0,0.0,0.8456477364177831,0.8258076523085419,0.7276775140247702,0.5598029092800941,0.6025507540019543,0.6101276001445396
0.0,0.0,0.7341602329652747,0.8954275300445008,0.8398696022150158,0.6668988925087783,0.7068912843107773,0.5743222353182764
1.0,0.0,,0.8777307892964519,0.8670987132667081,0.4179395811790124,0.8514007705482076,0.6365728086703835
0.0,0.0,0.812158103527476,0.7729250264552879,,0.7195671695610244,0.3537619459992154,0.3514384029798136
0.0,0.0,0.8679815909199079,,,0.7385553367224796,0.06862979251569079,0.3658252997964644
0.0,0.0,0.8826434674955796,0.8648216459155672,0.45001895273306053,0.5592617579395008,0.4020801774236006,0.33958828134073527
0.0,0.0,0.7946763609444231,0.8324688424423853,0.23355488386851952,0.8541209257328763,0.4927358030862714,0.22522242050352564
0.0,0.0,,0.7358454560109001,,0.7162356137959391,0.2518088999763701,0.3798413602013765
1.0,0.0,0.7308547254672425,0.9568262027201877,0.9405029715201323,0.8595373994204705,0.9308565616590094,0.736812518527961
0.0,0.0,0.7522921253885054,0.720066862134327,0.7117868839444302,0.8705672325464812,0.23168009504522025,0.5460804119770453
0.0,0.0,0.9328331604095579,0.8971003920053164,0.8861871433198487,0.519588622651243,0.3240744958334182,0.5088183254828782
0.0,0.0,0.8354582478064838,0.9449482500518085,0.7121486691882293,0.8262777820107928,0.5877633443753677,0.6640292096196256
0.0,0.0,0.9372589771479555,,,0.7889177392944243,0.15056257662180994,0.3529509504696571
0.0,0.0,0.8442932487929636,0.8601088120781083,0.7326054472400985,0.5269849382561369,0.3374435056899526,0.2647066929879624
0.0,0.0,0.8041803062627069,0.7288550905167164,,0.83253595862156,0.7275805901688415,0.4428293121282796
0.0,0.0,0.9694487885652844,0.8513993871690436,0.2947915323638679,0.8552505326292539,0.4502770743897794,0.666908975478604
0.0,0.0,0.9668015337257079,0.8592125231578814,0.7891717960295375,0.78098973472573,0.502349225282843,0.4067568808936859
0.0,0.0,0.8176285435849991,0.8578313664736432,0.3231931841508963,0.4754405386922451,0.46255335487746396,0.3317621321831302
0.0,0.0,0.7903237948222811,,,0.8604538490056852,0.07581405303465982,0.22312244640153672
0.0,0.0,0.9160862901590221,0.609535562570057,,0.6413620994751745,0.35334852342581674,0.36468612325821015
0.0,0.0,,,0.7749231317375559,0.8184517085879828,0.6938208302229059,0.281007424534529
1.0,0.0,,0.9102122777803707,0.8773684165889098,0.1840116749311388,0.8004873072254994,0.4906255116469934
0.0,0.0,0.7189848982559389,0.9575821919834142,0.8655035276139784,0.8928259206086993,0.47407090012020436,0.682086201567979
1.0,0.0,,0.910764493508934,0.9093713570222777,0.7465024079969935,0.7725772641420673,0.6220016524859908
0.0,0.0,0.9078103721940908,0.5051411003987738,0.4994367113206005,0.8100655114042767,0.4520447865790145,0.6817206732318013
1.0,0.0,0.8531256167495811,0.8979063311134076,0.9000844299073342,0.6531093066553452,0.8089599838750701,0.3766255573710807
0.0,0.0,0.8797858845778549,,,0.7609444676035245,0.3092952909142799,0.17501560753458384
0.0,0.0,0.607777631516938,,,0.8413369511867415,0.22579414187440944,0.05802066719014065
0.0,0.0,,0.8600906625442324,,0.6594835354290228,0.18508677435430643,0.5294209372706283
0.0,0.0,,0.9001941859879865,0.7792047337386319,0.5508728385746339,0.13117763260847037,0.45291099706972504
0.0,1.0,0.9466196761462503,0.806123445764332,,0.8286224232829867,0.23528216747963032,0.5600336227529243
0.0,1.0,,0.6967211157909192,,0.6017751770071862,0.45749481923457336,0.4727920162098902
0.0,1.0,,0.6792966178441258,,0.6229911605093503,0.13452136039728346,0.26735638183890903
0.0,1.0,0.9290498086194917,0.8311264108917897,0.7813259318164276,0.8219021627000316,0.41499082836252954,0.6177897649500744
0.0,1.0,0.8153343546801319,,,0.9290668869860077,0.42040136990509114,0.129802712794792
0.0,1.0,0.850914018813839,0.7649869482770444,0.4910663006211881,0.8468747596185168,0.27688222868849327,0.5112742004739367
1.0,1.0,0.8921583115311541,0.8783293645715902,0.8267779624199659,0.6787836540184589,0.7287195513904765,0.54916113276228
0.0,1.0,,0.798825579081387,0.45841462865827176,0.6406501345905242,0.2022499630340847,0.464423888700422
1.0,1.0,0.8563761008801943,0.8888950433245496,0.7636026860791469,0.6561527080166645,0.6582770682723509,0.5842312772207487
0.0,1.0,0.9626202334386338,0.8371945168995601,0.6870262289474063,0.8487777307176618,0.5159471519173318,0.5105953795780642
0.0,1.0,0.9235406273926678,0.8269829222397507,0.12602897055076345,0.8939305320354356,0.29937777503466423,0.5078541180179523
0.0,1.0,0.9793358258408996,0.848096350641056,0.8568714626307675,0.8806426675985274,0.4555312265134379,0.6107250101590791
0.0,1.0,0.9518066928882847,,0.6420856866463803,0.6495876520262551,0.35622527857195424,0.01766348928352446
0.0,1.0,0.7706558611429112,0.7595287283226017,,0.7079081353735673,0.5459032018194395,0.1213178909867344
0.0,1.0,0.8806591549748285,0.7468649207955927,0.5508971848487214,0.8775609798829782,0.3347462826086137,0.45048604172858553
0.0,1.0,0.8861525336614166,,,0.6206552941818955,0.35986603753796265,0.20734057403469836
0.0,1.0,0.9552368172202828,,,0.6881131652560958,0.0504632875629526,0.02219437108645983
0.0,1.0,,0.7521729496437222,0.5148381504510291,0.5428528767420561,0.5019668053545301,0.525962873971774
0.0,1.0,0.7251361746973104,0.818271732317909,0.609675140410465,0.7605357423476085,0.23670697931706974,0.37336026605725553
0.0,1.0,,0.8078656975975903,0.6913277807409882,0.8065112482874293,0.472950906750509,0.4565833484280497
1.0,0.5,,0.9187312119964048,0.8556802073457173,0.6294295986541583,0.7998583560485536,0.3879288907883295
0.0,0.5,0.9092388105884476,0.7379809271817424,0.7716893166860224,0.6305221518495232,0.46977823512834493,0.5630720802215139
1.0,0.5,0.7833880212618658,0.7247598268171489,0.7320489863238056,0.514056795297132,0.6494079887519536,0.20508311197098011
0.0,0.5,0.9004027772396369,0.5747226179999322,0.6456447059478035,0.7821735761134695,0.4451334838200399,0.42464308309570636
1.0,0.5,0.795830652831279,0.8124501047545102,0.7818099908911406,0.6942428093550099,0.7325231433252273,0.32604725442418236
1.0,0.5,0.757395100547288,0.8513359647594395,0.8301507372069968,0.634345540381025,0.7621601425561364,0.4523540784021901
0.0,0.5,,,0.2191304657051043,0.44068626511994524,0.28616156731709497,0.20790177002559312
1.0,0.5,0.8872271375058564,0.8788826930415993,0.7668973851497076,0.6165450715266991,0.6803549144867064,0.5775704780122831
1.0,0.5,0.6751346168417625,0.9292453662965742,0.9024166337727061,0.7217743008472642,0.8489384078747769,0.15373477113891082
1.0,0.5,,0.8652037466086938,0.8279271463702318,0.4925840179339161,0.8060698883860126,0.33407340252853296
1.0,0.5,,0.8293011622364015,0.8664637003690963,0.5397591478452362,0.8655211019194101,0.06097186925806142
1.0,0.5,,0.8924526009983269,0.9181724384203425,0.5741286966580408,0.8833551805868468,0.611022850254264
1.0,0.5,,0.927637886569839,0.8152538100571813,0.6121136806419945,0.7402895234512915,0.17944533774203741
1.0,0.5,0.7460390794034991,0.9273233008959411,0.9070770232203846,0.7238672542799409,0.8308776252672007,0.5285628100815466
0.0,0.5,0.891987532270472,0.7691652969103104,0.5532653213802792,0.6629568297978754,0.3182853205376376,0.43033831206653517
0.0,0.5,0.7654119325730444,,0.5784315524638066,0.5136801911441186,0.2665721384147755,0.3649714839898677
1.0,0.5,,0.9516327466042216,0.8645144114449371,0.6951284454113743,0.8182740974517467,0.40393314180750634
0.0,0.5,0.7669674436362808,0.6509884679308223,0.44967305170283395,0.9086347292805462,0.29121255931754203,0.46668019486050316
0.0,0.5,0.9330756895610617,0.7663309327776809,0.8063506783858089,0.7822091962202405,0.3278479269376388,0.11255417661482264
1.0,0.5,,0.8307714702421933,0.8971022945458043,0.6768190427611764,0.9227003729314135,0.13207045011945556
0.0,0.5,0.8270821313795137,,0.44967305170283395,0.8212025106340357,0.21510971632083825,0.22833917584272323
0.0,0.5,0.8385396177144401,0.7111454160562631,0.795225810850362,0.696704331266105,0.4800035806698585,0.4857021844496972
1.0,0.5,,0.9356459388054121,0.8508401801224962,0.5846118250307613,0.7396002267516661,0.6761178411679509
0.0,0.5,0.7699627593621813,0.6108209863070786,0.35452603213026657,0.7680440028209731,0.11967738716024334,0.45640138088793275
0.0,0.5,,0.8079495681816719,0.7602979356234875,0.6407928685938613,0.4720499827175838,0.539746924404359
0.0,0.5,0.8520243134399663,0.7901509830001333,0.6385048654852659,0.7410544111284963,0.4440878137389055,0.05303122021254386
1.0,0.5,0.8267069112386825,0.9603869868983665,0.8897577815132091,0.6604522357870508,0.8890480934923097,0.5383587826070703
0.0,0.5,,0.8295435472788937,0.3986207586024485,0.5464755525728975,0.27747387763185444,0.41046231985381487
0.0,0.5,0.816975533406635,0.7247598268171489,0.7295251850213655,0.7694977952608291,0.24779046468032334,0.46598878978208025
0.0,0.5,0.8839202204607259,,0.615438120976377,0.8028463970434401,0.5786631603515966,0.1904950102041783
0.0,0.5,0.8663001578140198,,0.8477309000757206,0.6314508528909983,0.602236944434085,0.33990844605520387
0.0,0.5,0.9241133331873972,0.8261593019178046,0.46881392876375033,0.7540287866769225,0.17876392546550912,0.4623171855879058
0.0,0.5,0.939425192484392,0.9415300852567753,0.8649583045420535,1.0,0.5525977228312524,0.750644402338046
0.0,0.5,0.5399499891791015,0.6792966178441258,,0.7969420321802649,0.33519823284114375,0.41046231985381487
0.0,0.5,,,,0.5129239648945746,0.12549735927299888,0.32296161334079543
0.0,0.5,0.8899054084201485,0.7563991801563412,0.6229288935584824,0.8723394003247841,0.23528216747963032,0.5274532763816672
0.0,0.5,0.6589271502347573,0.6492917771078033,0.7044243311390258,0.8348204636617425,0.37789491180930895,0.3874164024325216
0.0,0.5,0.8271718842787521,0.7098344427514729,0.7272883076287275,0.7990649579668492,0.21432692018960686,0.45346631830107587
1.0,0.5,0.8457952512723159,0.9352869726421198,0.9243097066158581,0.6725661173579978,0.8600250951389122,0.46407438159996006
0.0,0.5,0.9129758752584449,0.8131138010299406,,0.7458115793078046,0.2111684907172191,0.6246779625032216
1.0,0.5,0.8060062422924464,0.8595983963403259,0.9832256002794386,0.3222526165205507,0.9944868528054835,0.4828742192673588
1.0,0.5,0.889309447469515,,0.5355683723233389,0.9025446270852187,0.30878458201236325,0.6750655277716728
1.0,0.5,0.9270139314859869,0.8857451940451132,0.8395802690654177,0.6859263199963624,0.747764648336507,0.5894366543865437
0.0,0.5,0.8710800529007408,0.6561682089560542,,0.5818973711486217,0.1841940452146259,0.3971898182075577
0.0,0.5,0.8202817504228177,0.5981128452046609,0.5078109892029706,0.8756320487726346,0.3586595795120573,0.4181194510023193
0.0,0.5,,,0.7825746530170021,0.9236666440768044,0.022156024002589092,0.3324249484702819
0.0,0.5,,0.4522536889287349,0.7356298503972364,0.8883597326101028,0.4056277665484088,0.5716762991047165
1.0,1.0,,0.8387800462316434,0.8264719993381483,0.5027083735972663,0.8259870485947645,0.5060496277897374
1.0,1.0,,0.872344771118013,0.8442395655291908,0.6062021975876389,0.7803980171539969,0.59105030722781
0.0,1.0,,0.872272200204231,0.7548320433609879,0.4858755094923525,0.7639533953737001,0.49994923073399034
1.0,1.0,,0.8873614692820314,0.9228201707704916,0.6943317033074176,0.9124253055841741,0.03856643783024766
0.0,1.0,,0.41334017760439984,,0.7471882254876885,0.24022990654804877,0.26735638183890903
0.0,1.0,,0.78390781541399,0.8072503868571422,0.5082999584830938,0.7377426137285675,0.23141687868601118
1.0,1.0,,0.8870902896580329,0.8779624638938567,0.7686283718387502,0.8135253813025533,0.46633480636292
1.0,1.0,0.9277654144275933,0.8896854969185685,0.8543109546825813,0.7733276621474592,0.7647621448939976,0.4495452389508512
0.0,1.0,,0.769592258509741,0.16184933452996564,0.6835966735693779,0.5395487028349435,0.36752281155466393
1.0,1.0,0.7229509680220416,0.934420070478968,0.9029198776433307,0.7343211950390854,0.8873570478612518,0.2946896002941269
0.0,1.0,,,0.07658125467308075,0.7208834714630312,0.20715779666390194,0.44438485695879004
1.0,1.0,,0.9125624309536023,0.9097814898715397,0.7170251880232847,0.8910512657616022,0.6572183531757454
0.0,1.0,,,,0.6175855002278261,0.1277858726249268,0.16920549070369234
1.0,1.0,,0.8791507773274818,0.9056561278067659,0.4164894347619788,0.8479685751703234,0.4656421431143749
0.0,1.0,0.8715971431548,0.8917952829555267,0.4923662354442091,0.8547569241032469,0.561078976833256,0.6058029667683316
0.0,1.0,,,0.12333802202860966,0.4283973125962453,0.21588982316199218,0.12053296099506211
0.0,1.0,0.9142128332510802,,,0.7860733746091849,0.01132769971097225,0.3317621321831302
1.0,1.0,,0.5551479371390077,0.9097011596949479,0.3300342114637277,0.8163895427498802,0.10682428193250992
0.0,1.0,,0.9467982845472813,,0.8509069797168467,0.3934342001520243,0.7017580111029458
0.0,1.0,,0.8739870356956893,0.2799901370848108,0.48169642946235974,0.25047746388277353,0.3966996298479048
0.0,1.0,0.9032329101160258,0.7982500326568963,0.10619520736195531,0.7647164159458852,0.36888747235410313,0.316305141034702
0.0,1.0,0.6100830358212982,,,0.6694900057981475,0.19553790470130766,0.2785074162202061
0.0,1.0,,0.6774179980763785,0.4654283758347386,0.5595326057533069,0.21196222046054664,0.3803726083684186
0.0,1.0,0.5911090489715801,,0.697142579047011,0.38685447953780155,0.5613498077167272,0.23696076469311322
0.0,1.0,,,,0.6573975803498845,0.3858144241549413,0.30350701608173675
1.0,1.0,0.6030170993228973,0.8773893751601977,0.8020459399187012,0.7079081353735673,0.7614285485387161,0.6554635526304597
0.0,1.0,0.8236618553222377,0.7570683828379762,,0.6657535714258282,0.24369826760922125,0.29546986474701226
0.0,1.0,,,,0.6944205235629222,0.2634454960538272,0.2505273907828041
0.0,1.0,0.9130239084357168,0.46734026712506,0.45001895273306053,0.7367549142518866,0.13999095276687756,0.3350566381590386
0.0,1.0,0.7345888657412208,,,0.6556509852661717,0.0642143457223201,0.22782245243733396
1.0,1.0,0.9509843574553579,0.8366298171633135,0.7210991466814304,0.6858302365608479,0.38896665242550876,0.59742695861905
0.0,1.0,0.9047109037720524,0.7235167130210103,,0.8755720534907494,0.4466912727753444,0.4001068240608538
0.0,1.0,,0.8326418534812635,,0.6252834105107947,0.3396649921115869,0.727731109354805
1.0,1.0,0.878859454462956,0.8790615710790296,0.7904132775304328,0.6985138851591017,0.6252318959558876,0.6559042726386861
0.0,1.0,0.7404300966199342,0.7602521330062054,,0.697483626577281,0.2977692207859299,0.37336026605725553
0.0,1.0,0.715078580631028,0.6384195980326884,,0.5691874580800961,0.3719344336463589,0.07153137164042883
1.0,1.0,,0.9026648260745711,0.8646576779228299,0.8436531262699056,0.7661485204679015,0.5135631177245366
0.0,1.0,0.9496830673444128,0.8106612247455017,0.5161589071292125,0.6485235167401617,0.13452136039728346,0.4871001691569355
0.0,1.0,,0.8160778456104686,,0.45147056842777805,0.101309743941837,0.4661618767079184
1.0,1.0,0.231930273928995,0.8628703637036802,0.8351675609740927,0.32091806244835164,0.47023482567441055,0.1585417218378114
0.0,1.0,0.9299067006717744,,0.31427940408712446,0.8076440905067032,0.41407434051351366,0.21399302054429198
0.0,1.0,0.8942357131446912,0.8519880247334114,,0.8910826556656939,0.25963414507566973,0.3263874975232991
0.0,1.0,0.9426263218645615,0.8922083810447585,0.8094018461901535,0.7620255017312259,0.6055517994963704,0.6432653730669042
0.0,1.0,,0.6060228585565467,0.628781376004837,0.8108480298955087,0.3396649921115869,0.2593171574259719
0.0,1.0,0.8393695942665993,0.9542544277287931,0.877088067302634,0.8009350989370803,0.2815712018520352,0.7367825178686035
0.0,1.0,0.8503039848222987,,,0.7639306806131921,0.22203590609632734,0.45803293217310115
0.0,1.0,,0.8272028758017167,0.5557577024825604,0.7306466130329738,0.3192612066034035,0.43888564728250046
0.0,1.0,0.9079056241948943,0.727072741222579,,0.7315782473540121,0.2498087468936332,0.4376869741328407
0.0,1.0,0.8270970982324819,,,0.7123433681903653,0.22801942320486662,0.27892593875148664
0.0,1.0,0.8208400421517423,0.6610768910644496,,0.7812422205397402,0.24711362200690257,0.3728111449345513
0.0,1.0,,0.43697842762194655,,0.8413703400104334,0.2977692207859299,0.44535083266925596
0.0,1.0,,0.7926935370472126,0.41385631519528887,0.630210996469453,0.13341204137103302,0.5603399740969073
0.0,1.0,,0.8426955058543528,0.6420856866463803,0.58393849308502,0.16166540684324882,0.36440038332060243
0.0,1.0,0.9172778704767012,0.8847632628071038,0.6608557809960776,0.8799751121966376,0.3342933582427252,0.4069904472759529
0.0,1.0,0.8576962093663945,,0.6032935070753922,0.6890504122780149,0.18686192761164944,0.2974090699437786
0.0,1.0,0.8243033361388825,0.581822488985686,,0.777638303928496,0.4765111326603819,0.22469910201280174
1.0,1.0,0.5670643132430412,0.923283078798257,0.8222051165713936,0.7665661213084389,0.7181179495080633,0.5956311215551477
0.0,1.0,0.8492383279755156,0.6901866335777567,,0.8607061917752328,0.09616296622886455,0.38844012837187736
0.0,1.0,0.8482311161200382,,,0.8394760118351076,0.10882768932264375,0.2010829415520884
0.0,1.0,0.8244589117382725,,,0.7064921966457924,0.3692708386711571,0.26559321003647407
0.0,1.0,0.5492491901852135,,,0.799239400514855,0.19037170459004293,0.4480304236010629
0.0,1.0,0.9272295600785747,0.7947459571082859,0.2985171032718006,0.9122495674746459,0.13005244751482137,0.5678208097566224
0.0,1.0,0.9256116618259689,0.8552811055432595,0.7265839575067251,0.4105474580420068,0.013165929703026547,0.24958317360700638
0.0,1.0,0.9230966693873012,0.9182022277362051,0.7054391748408942,0.3168463673996071,0.423635392413873,0.22364911922724434
0.0,1.0,0.8957202838084742,0.8524463838429055,0.6282178659604825,0.8184517085879828,0.4919277998662017,0.3811669842199754
0.0,1.0,0.7618992864926174,,,0.7380939114152253,0.4119190675259232,0.2669168148862759
0.0,1.0,0.9215756499238253,0.8601450935571391,0.7239991578272955,0.8901362341464163,0.5247398172970684,0.43748648526334954
1.0,1.0,0.777081725955853,0.9272222797133193,0.8948454313238077,0.775085256873586,0.8361373267771535,0.3334154864748661
1.0,1.0,0.7995652132575665,0.8348764245678181,0.7681063350119035,0.7099964994318595,0.6844440738210674,0.2514679217858515
0.0,1.0,0.808818675774991,0.8276405348818608,0.7599079049133385,0.7530464689678501,0.6427749532580844,0.7372915460256275
0.0,1.0,0.7526806016504066,0.7462954085592584,0.7034487777308014,0.6882072551133426,0.6201053738387646,0.5668426696045669
0.0,1.0,,0.8158917213783426,0.611840382714843,0.7011299573880203,0.2524716413333205,0.7118123211737275
0.0,1.0,,0.8267306215057406,0.8550855307713292,0.2710518886020741,0.6979507564779148,0.0638919746553997
0.0,1.0,0.644561127086582,0.8573379888239222,0.7737059573877456,0.9326225770910571,0.4915224349017308,0.6128714223589795
0.0,1.0,0.7223015518349916,0.7355203452404081,0.6256497113344583,0.8442645574054397,0.5318210521578974,0.22469910201280174
1.0,1.0,0.7899293105152704,0.8762976565410391,0.8107065080681737,0.713385961960997,0.7253138683799488,0.5650672946407946
1.0,1.0,0.5321290828297327,0.9178384340840751,0.8408364837583844,0.6206552941818955,0.8160238339596119,0.4439971273861865
0.0,1.0,0.6538493693907796,0.8683715012941057,0.8423719898234003,0.4925840179339161,0.7229170028077728,0.4571282221294533
1.0,1.0,,0.90158672697046,0.8945578960193945,0.3248887951447969,0.8162549605671883,0.3966996298479048
0.0,1.0,0.8117140813824907,0.8321213876015506,0.3681169162650987,0.5779527484511158,0.591509021420676,0.5258380998780933
0.0,1.0,0.5520083673918939,0.8646044951895565,0.8618982846321936,0.0,0.8177446271795873,0.5090928660011429
1.0,1.0,0.8906013512819476,0.8571088231395464,0.8181620727295572,0.6481219657944984,0.7197982969203129,0.5558943823673489
0.0,1.0,0.9252456316772536,0.6116686376023716,0.6823730497785455,0.6175855002278261,0.4986826609861773,0.48334854454443765
1.0,1.0,0.8932071493929645,0.8292404215842094,0.7079582954172563,0.6518173389550972,0.6147012942407415,0.3683665543283401
1.0,1.0,0.8901580560644958,0.798825579081387,0.8536161796795237,0.6249585611860864,0.7103400036089018,0.2022323696781625
0.0,1.0,0.8460215452875532,0.7715539580268462,0.5035655322293564,0.9225624267395716,0.14744079135572852,0.566252992882858
0.0,1.0,0.8644271972293898,0.9079590217589545,0.8699432413027068,0.7855270887927166,0.7781364594338647,0.5670387617839706
0.0,1.0,0.9360287182940736,0.9412361781384484,0.7390517662029572,0.9213758096889024,0.35744601880289895,0.4744552548002202
0.0,1.0,,0.8752649799043245,0.7192179089661499,0.7452767221403516,0.47848382631959924,0.2384511340568447
0.0,1.0,0.8068433415837322,0.7043846478990645,0.6403937645662885,0.1337451691113608,0.12085287240935194,0.6176473420185773
0.0,1.0,,0.8439065047245174,0.8835171083522912,0.5635311096599045,0.25640710247444093,0.5843194320670748
0.0,1.0,0.8053621023997553,0.8684807336358892,0.7292578243702652,0.913638528536107,0.5669363231865135,0.522943559656069
0.0,1.0,0.9086573777664628,0.3787289715588844,0.712419193757644,0.4437604636373947,0.5603999425706861,0.2742806943019703
0.0,1.0,,0.8131914560877607,,0.7016289002405682,0.3207166871471829,0.516613883011372
0.0,1.0,0.8888059212694733,0.8360326530648922,0.8015070420263912,0.5903055610626863,0.661324385419888,0.41137827030512203
0.0,1.0,0.9332263146940609,0.9235731223001448,0.8808884721027705,0.9117768070879775,0.21432692018960686,0.5948905354789867
0.0,1.0,0.9503272586046188,0.6321392539038009,,0.8225738452421347,0.13117763260847037,0.6061871811583143
1.0,1.0,0.8751569630528654,0.9373944887978108,0.9331051350376602,0.5213853416696403,0.9081412854791737,0.5643716963947301
0.0,1.0,0.8342687924505224,0.7345373231318689,0.3733517835482164,0.6490567908814462,0.20307529459977292,0.5882371158541835
0.0,1.0,,0.6958655003084915,0.48218078946174087,0.1959646226548437,0.3723121234268328,0.054036296364378844
